tool name,flake8_issue_one,flake8_issue_two,flake8_issue_three,bandit_issue_one,bandit_issue_two,bandit_issue_three,bandit_sev_undefined,bandit_sev_low,bandit_sev_med,bandit_sev_high,bandit_conf_undefined,bandit_conf_low,bandit_conf_med,bandit_conf_high,radon_complexity,pylint_rating,bandit_lines
pointnet2,"E231 missing whitespace after ','",E226 missing whitespace around arithmetic operator,E225 missing whitespace around operator,[B101:assert_used],[B605:start_process_with_a_shell],,0.0,12.0,0.0,5.0,0.0,0.0,0.0,17.0,15.333333333333334,2.73,4848
wavenet_vocoder,E111 indentation is not a multiple of four,E266 too many leading '#' for block comment,E402 module level import not at top of file,[B101:assert_used],,,0.0,93.0,0.0,0.0,0.0,0.0,0.0,93.0,,,3374
NiftyNe,"E231 missing whitespace after ','",E226 missing whitespace around arithmetic operator,E225 missing whitespace around operator,[B101:assert_used],[B603:subprocess_without_shell_equals_true],[B404:blacklist],0.0,205.0,4.0,0.0,0.0,0.0,0.0,209.0,15.724137931034482,,48582
3D-ResNets-PyTorch,W292 no newline at end of file,W504 line break after binary operator,F401 'torch' imported but unused,[B101:assert_used],[B311:blacklist],[B603:subprocess_without_shell_equals_true],0.0,45.0,0.0,0.0,0.0,0.0,0.0,45.0,,6.47,3225
ffmpeg-python,E226 missing whitespace around arithmetic operator,"E231 missing whitespace after ','",W503 line break before binary operator,[B101:assert_used],[B603:subprocess_without_shell_equals_true],[B404:blacklist],0.0,112.0,4.0,0.0,0.0,0.0,1.0,115.0,,5.87,2748
human-pose-estimation.pytorch,E226 missing whitespace around arithmetic operator,E228 missing whitespace around modulo operator,W504 line break after binary operator,[B101:assert_used],[B307:blacklist],[B311:blacklist],0.0,15.0,10.0,0.0,0.0,0.0,0.0,25.0,,,2134
Person_reID_baseline_pytorch,"E231 missing whitespace after ','",E226 missing whitespace around arithmetic operator,E265 block comment should start with '# ',[B311:blacklist],[B605:start_process_with_a_shell],[B403:blacklist],0.0,6.0,2.0,4.0,0.0,0.0,0.0,12.0,,4.44,1524
finetune-transformer-lm,E226 missing whitespace around arithmetic operator,"E302 expected 2 blank lines, found 1",E231 missing whitespace after ':',[B101:assert_used],,,0.0,1.0,0.0,0.0,0.0,0.0,0.0,1.0,,0.04,733
exar,E265 block comment should start with '# ',W504 line break after binary operator,E126 continuation line over-indented for hanging indent,[B101:assert_used],[B106:hardcoded_password_funcarg],[B403:blacklist],0.0,107.0,16.0,2.0,0.0,0.0,21.0,104.0,14.807692307692308,8.28,41688
batch-ppo,E111 indentation is not a multiple of four,E114 indentation is not a multiple of four (comment),E125 continuation line with same indent as next logical line,[B101:assert_used],,,0.0,13.0,0.0,0.0,0.0,0.0,0.0,13.0,,-2.2,3683
NAB,E111 indentation is not a multiple of four,E226 missing whitespace around arithmetic operator,E121 continuation line under-indented for hanging indent,[B101:assert_used],[B108:hardcoded_tmp_directory],[B404:blacklist],0.0,28.0,1.0,0.0,0.0,0.0,1.0,28.0,15.142857142857142,,7662
Information-Extraction-Chinese,"E241 multiple spaces after ','",W293 blank line contains whitespace,E111 indentation is not a multiple of four,[B101:assert_used],[B301:blacklist],[B403:blacklist],0.0,8.0,2.0,0.0,0.0,0.0,0.0,10.0,,5.66,2211
foolbox,W503 line break before binary operator,E266 too many leading '#' for block comment,E203 whitespace before ':',[B101:assert_used],,,0.0,194.0,0.0,0.0,0.0,0.0,0.0,194.0,16.714285714285715,,8404
pytorch,E203 whitespace before ':',W503 line break before binary operator,"E731 do not assign a lambda expression, use a def",[B101:assert_used],[B605:start_process_with_a_shell],[B607:start_process_with_partial_path],0.0,37.0,1.0,0.0,0.0,0.0,0.0,38.0,16.81132075471698,5.42,31580
NCRFpp,"E231 missing whitespace after ','",E226 missing whitespace around arithmetic operator,E266 too many leading '#' for block comment,[B101:assert_used],[B403:blacklist],[B301:blacklist],0.0,17.0,1.0,0.0,0.0,0.0,1.0,17.0,16.88235294117647,6.57,2710
SentEval,E226 missing whitespace around arithmetic operator,"E302 expected 2 blank lines, found 1",E117 over-indented,[B101:assert_used],[B403:blacklist],[B301:blacklist],0.0,18.0,3.0,0.0,0.0,0.0,0.0,21.0,,,2035
devol,E128 continuation line under-indented for visual indent,"F632 use ==/!= to compare constant literals (str, bytes, int, float, tuple)",W504 line break after binary operator,[B311:blacklist],,,0.0,4.0,0.0,0.0,0.0,0.0,0.0,4.0,,,511
Fabrik,E722 do not use bare 'except',W504 line break after binary operator,E226 missing whitespace around arithmetic operator,[B311:blacklist],[B310:blacklist],[B404:blacklist],0.0,10.0,4.0,3.0,0.0,0.0,1.0,16.0,19.833333333333332,5.47,8486
poincare-embeddings,E203 whitespace before ':',E128 continuation line under-indented for visual indent,F541 f-string is missing placeholders,[B101:assert_used],[B404:blacklist],[B108:hardcoded_tmp_directory],0.0,16.0,1.0,1.0,0.0,0.0,1.0,17.0,,3.93,1170
n,W504 line break after binary operator,E402 module level import not at top of file,F401 'os' imported but unused,[B101:assert_used],[B403:blacklist],[B301:blacklist],0.0,43.0,1.0,0.0,0.0,0.0,0.0,44.0,,5.13,2315
scattertex,W191 indentation contains tabs,E101 indentation contains mixed spaces and tabs,E402 module level import not at top of file,[B101:assert_used],[B110:try_except_pass],[B310:blacklist],0.0,124.0,5.0,0.0,0.0,0.0,0.0,129.0,18.916666666666668,2.01,20378
merlin,E251 unexpected spaces around keyword / parameter equals,E226 missing whitespace around arithmetic operator,"E231 missing whitespace after ','",[B101:assert_used],[B605:start_process_with_a_shell],[B301:blacklist],0.0,186.0,79.0,48.0,0.0,0.0,16.0,297.0,28.126984126984127,3.13,23232
categorical-encodin,E226 missing whitespace around arithmetic operator,E265 block comment should start with '# ',E225 missing whitespace around operator,[B311:blacklist],[B101:assert_used],,0.0,27.0,0.0,0.0,0.0,0.0,0.0,27.0,14.128205128205128,6.34,8007
cloudml-samples,E111 indentation is not a multiple of four,E114 indentation is not a multiple of four (comment),E121 continuation line under-indented for hanging indent,[B603:subprocess_without_shell_equals_true],[B108:hardcoded_tmp_directory],[B607:start_process_with_partial_path],0.0,110.0,38.0,3.0,0.0,1.0,29.0,121.0,13.666666666666666,-11.01,22690
ml-cheatshee,"E231 missing whitespace after ','",E226 missing whitespace around arithmetic operator,"E302 expected 2 blank lines, found 1",[B101:assert_used],,,0.0,6.0,0.0,0.0,0.0,0.0,0.0,6.0,,1.5,1342
monodepth,"E241 multiple spaces after ','",E221 multiple spaces before operator,"E231 missing whitespace after ','",,,,,,,,,,,,,4.15,
distributed,F811 redefinition of unused 'c' from line 73,F811 redefinition of unused 's' from line 75,F811 redefinition of unused 'a' from line 64,[B101:assert_used],[B311:blacklist],[B403:blacklist],0.0,4739.0,41.0,2.0,0.0,0.0,24.0,4758.0,16.922374429223744,,62473
Autopilot-TensorFlow,E265 block comment should start with '# ',"E231 missing whitespace after ','",E111 indentation is not a multiple of four,[B404:blacklist],[B607:start_process_with_partial_path],[B603:subprocess_without_shell_equals_true],0.0,6.0,0.0,0.0,0.0,0.0,0.0,6.0,,-1.72,188
pygcn,W292 no newline at end of file,F403 'from .layers import *' used; unable to detect undefined names,F401 '.layers.*' imported but unused,,,,,,,,,,,,,,
lifelines,W503 line break before binary operator,"F405 'List' may be undefined, or defined from star imports: typing","E731 do not assign a lambda expression, use a def",[B101:assert_used],[B301:blacklist],[B403:blacklist],0.0,551.0,7.0,0.0,0.0,0.0,0.0,558.0,15.24,,20971
sentiment-discovery,E226 missing whitespace around arithmetic operator,"E302 expected 2 blank lines, found 1",E127 continuation line over-indented for visual indent,[B101:assert_used],[B603:subprocess_without_shell_equals_true],[B307:blacklist],0.0,45.0,8.0,0.0,0.0,0.0,1.0,52.0,21.47826086956522,5.21,7347
HyperGAN,E226 missing whitespace around arithmetic operator,F821 undefined name 'tf',E111 indentation is not a multiple of four,[B311:blacklist],[B101:assert_used],[B602:subprocess_popen_with_shell_equals_true],0.0,89.0,1.0,6.0,0.0,0.0,1.0,95.0,19.2,,19034
ai-chatbot-framework,"E302 expected 2 blank lines, found 1",E402 module level import not at top of file,W504 line break after binary operator,[B106:hardcoded_password_funcarg],[B112:try_except_continue],[B101:assert_used],0.0,3.0,0.0,0.0,0.0,0.0,1.0,2.0,,5.12,1832
mne-python,E221 multiple spaces before operator,W504 line break after binary operator,"E241 multiple spaces after ','",[B101:assert_used],[B110:try_except_pass],[B403:blacklist],0.0,5186.0,34.0,1.0,0.0,1.0,2.0,5218.0,19.272959183673468,7.33,191114
GPy,E226 missing whitespace around arithmetic operator,"E231 missing whitespace after ','",E265 block comment should start with '# ',[B101:assert_used],[B110:try_except_pass],[B307:blacklist],0.0,419.0,21.0,0.0,0.0,0.0,0.0,440.0,15.2,,41940
deep-person-reid,E261 at least two spaces before inline comment,W293 blank line contains whitespace,E226 missing whitespace around arithmetic operator,[B101:assert_used],[B311:blacklist],[B102:exec_used],0.0,114.0,4.0,1.0,0.0,0.0,0.0,119.0,13.066666666666666,5.82,16233
DLTK,E402 module level import not at top of file,F401 'tensorflow' imported but unused,,[B101:assert_used],[B605:start_process_with_a_shell],[B108:hardcoded_tmp_directory],0.0,48.0,13.0,12.0,0.0,0.0,9.0,64.0,,,3962
pgmpy,W503 line break before binary operator,E203 whitespace before ':',"F405 'chi_square' may be undefined, or defined from star imports: pgmpy.estimators.CITests",[B101:assert_used],[B405:blacklist],[B410:blacklist],0.0,25.0,5.0,0.0,0.0,1.0,0.0,29.0,14.945454545454545,,37198
pytorch_geometric,W503 line break before binary operator,W504 line break after binary operator,F811 redefinition of unused 'test_dna_conv' from line 6,[B101:assert_used],[B311:blacklist],[B403:blacklist],0.0,1945.0,13.0,0.0,0.0,0.0,3.0,1955.0,18.06122448979592,4.92,33093
f_une,E265 block comment should start with '# ',W291 trailing whitespace,W293 blank line contains whitespace,[B101:assert_used],[B607:start_process_with_partial_path],[B603:subprocess_without_shell_equals_true],0.0,9.0,0.0,0.0,0.0,0.0,0.0,9.0,,4.34,1141
deepgaze,E265 block comment should start with '# ',W291 trailing whitespace,"E231 missing whitespace after ','",[B311:blacklist],,,0.0,2.0,0.0,0.0,0.0,0.0,0.0,2.0,17.636363636363637,,4889
hyperopt-sklearn,"E302 expected 2 blank lines, found 1",E128 continuation line under-indented for visual indent,E265 block comment should start with '# ',[B101:assert_used],[B403:blacklist],,0.0,41.0,0.0,0.0,0.0,0.0,0.0,41.0,,5.95,3251
nolearn,E123 closing bracket does not match indentation of opening bracket's line,E741 ambiguous variable name 'l',W504 line break after binary operator,[B101:assert_used],[B403:blacklist],[B102:exec_used],0.0,170.0,6.0,0.0,0.0,0.0,1.0,175.0,,,4293
deepvoice3_pytorch,E101 indentation contains mixed spaces and tabs,E111 indentation is not a multiple of four,E266 too many leading '#' for block comment,[B101:assert_used],[B604:any_other_function_with_shell_equals_true],[B404:blacklist],0.0,85.0,53.0,3.0,0.0,53.0,0.0,88.0,23.375,,5799
f-coreml,E111 indentation is not a multiple of four,E251 unexpected spaces around keyword / parameter equals,"E231 missing whitespace after ','",[B101:assert_used],[B108:hardcoded_tmp_directory],[B310:blacklist],0.0,61.0,2.0,1.0,0.0,0.0,1.0,63.0,21.275862068965516,-3.17,5852
3D-R2N2,E221 multiple spaces before operator,E226 missing whitespace around arithmetic operator,W504 line break after binary operator,[B101:assert_used],[B607:start_process_with_partial_path],[B603:subprocess_without_shell_equals_true],0.0,14.0,2.0,0.0,0.0,0.0,1.0,15.0,,6.95,2742
OpenKE,W191 indentation contains tabs,E251 unexpected spaces around keyword / parameter equals,"E231 missing whitespace after ','",[B311:blacklist],,,0.0,1.0,0.0,0.0,0.0,0.0,0.0,1.0,,,3563
BicycleGAN,,,,[B101:assert_used],[B311:blacklist],[B605:start_process_with_a_shell],0.0,9.0,1.0,2.0,0.0,0.0,0.0,12.0,,4.52,2355
deep-siamese-text-similarity,"E231 missing whitespace after ','",E225 missing whitespace around operator,E226 missing whitespace around arithmetic operator,[B311:blacklist],,,0.0,2.0,0.0,0.0,0.0,0.0,0.0,2.0,,3.54,619
TensorFlow-cn,W292 no newline at end of file,E116 unexpected indentation (comment),E128 continuation line under-indented for visual indent,[B311:blacklist],[B605:start_process_with_a_shell],[B607:start_process_with_partial_path],0.0,8.0,0.0,0.0,0.0,0.0,0.0,8.0,,3.35,1488
MobileNet-Caffe,,,,[B307:blacklist],,,0.0,0.0,1.0,0.0,0.0,0.0,0.0,1.0,,4.67,50
crnn.pytorch,,,,[B101:assert_used],[B311:blacklist],,0.0,13.0,0.0,0.0,0.0,0.0,0.0,13.0,,,698
hinc,E704 multiple statements on one line (def),E203 whitespace before ':',W503 line break before binary operator,[B101:assert_used],[B102:exec_used],[B110:try_except_pass],0.0,757.0,2.0,0.0,0.0,0.0,0.0,759.0,16.586206896551722,4.8,13540
pytorch-summary,"E302 expected 2 blank lines, found 1",W503 line break before binary operator,W504 line break after binary operator,,,,,,,,,,,,,4.66,
bilm-tf,E128 continuation line under-indented for visual indent,E126 continuation line over-indented for hanging indent,W391 blank line at end of file,[B101:assert_used],[B105:hardcoded_password_string],,0.0,5.0,0.0,0.0,0.0,0.0,1.0,4.0,,7.32,2735
bayeslite,E128 continuation line under-indented for visual indent,E111 indentation is not a multiple of four,"E302 expected 2 blank lines, found 1",[B101:assert_used],[B608:hardcoded_sql_expressions],[B110:try_except_pass],0.0,1119.0,49.0,1.0,0.0,49.0,0.0,1120.0,24.37878787878788,2.91,26673
PGPortfolio,E226 missing whitespace around arithmetic operator,"E231 missing whitespace after ','",E225 missing whitespace around operator,[B101:assert_used],[B608:hardcoded_sql_expressions],[B310:blacklist],0.0,8.0,9.0,0.0,0.0,7.0,1.0,9.0,12.625,,3591
efficient_densenet_pytorch,,,,[B101:assert_used],,,0.0,1.0,0.0,0.0,0.0,0.0,0.0,1.0,,2.97,357
PyTorch-YOLOv3,W291 trailing whitespace,"E302 expected 2 blank lines, found 1","E231 missing whitespace after ','",[B101:assert_used],[B311:blacklist],,0.0,3.0,0.0,0.0,0.0,0.0,0.0,3.0,,2.38,1421
TensorFlow-Object-Detection-API-Tutorial-Train-Multiple-Objects-Windows-10,E266 too many leading '#' for block comment,"E231 missing whitespace after ','",E111 indentation is not a multiple of four,[B405:blacklist],[B314:blacklist],,0.0,2.0,2.0,0.0,0.0,0.0,0.0,4.0,,-0.22,344
pytorch-generative-adversarial-networks,"E302 expected 2 blank lines, found 1",E111 indentation is not a multiple of four,E265 block comment should start with '# ',,,,,,,,,,,,,4.33,
DeepMoj,E402 module level import not at top of file,F401 'example_helper' imported but unused,W605 invalid escape sequence '\.',[B101:assert_used],[B403:blacklist],[B301:blacklist],0.0,65.0,3.0,1.0,0.0,0.0,0.0,69.0,14.333333333333334,5.81,2966
flownet2-pytorch,"E231 missing whitespace after ','",E251 unexpected spaces around keyword / parameter equals,E122 continuation line missing indentation or outdented,[B101:assert_used],[B311:blacklist],[B404:blacklist],0.0,24.0,0.0,0.0,0.0,0.0,0.0,24.0,,1.1,2195
vaex,W191 indentation contains tabs,E226 missing whitespace around arithmetic operator,E101 indentation contains mixed spaces and tabs,[B101:assert_used],[B307:blacklist],[B306:blacklist],0.0,2947.0,124.0,12.0,0.0,1.0,2.0,3080.0,19.923076923076923,1.02,58150
Recipes,"E231 missing whitespace after ','",E226 missing whitespace around arithmetic operator,E251 unexpected spaces around keyword / parameter equals,[B310:blacklist],[B101:assert_used],[B403:blacklist],0.0,4.0,4.0,0.0,0.0,0.0,0.0,8.0,15.0,2.53,2908
Dragonfire,E402 module level import not at top of file,E221 multiple spaces before operator,E701 multiple statements on one line (colon),[B101:assert_used],[B311:blacklist],[B603:subprocess_without_shell_equals_true],0.0,129.0,7.0,1.0,0.0,0.0,6.0,131.0,28.866666666666667,,5266
waveglow,E226 missing whitespace around arithmetic operator,"E231 missing whitespace after ','","E302 expected 2 blank lines, found 1",[B101:assert_used],[B103:set_bad_file_permissions],[B404:blacklist],0.0,12.0,3.0,0.0,0.0,0.0,0.0,15.0,,6.1,902
deepspeech.pytorch,E226 missing whitespace around arithmetic operator,E131 continuation line unaligned for hanging indent,E402 module level import not at top of file,[B101:assert_used],[B311:blacklist],[B605:start_process_with_a_shell],0.0,33.0,3.0,8.0,0.0,0.0,2.0,42.0,,,3004
MobileNet-SSD,E111 indentation is not a multiple of four,"E231 missing whitespace after ','",W291 trailing whitespace,[B101:assert_used],,,0.0,3.0,0.0,0.0,0.0,0.0,0.0,3.0,,-0.73,947
emporal-segment-networks,E226 missing whitespace around arithmetic operator,E402 module level import not at top of file,F821 undefined name 'xrange',[B101:assert_used],[B605:start_process_with_a_shell],,0.0,2.0,0.0,2.0,0.0,0.0,0.0,4.0,11.5,4.86,960
ensornets,E111 indentation is not a multiple of four,E114 indentation is not a multiple of four (comment),W504 line break after binary operator,[B101:assert_used],[B311:blacklist],[B405:blacklist],0.0,56.0,1.0,0.0,0.0,0.0,0.0,57.0,18.833333333333332,0.44,12032
InfoGAN,W292 no newline at end of file,F821 undefined name 'xrange',E303 too many blank lines (2),[B101:assert_used],,,0.0,5.0,0.0,0.0,0.0,0.0,0.0,5.0,,,1064
anago,W605 invalid escape sequence '\s',W605 invalid escape sequence '\[',W605 invalid escape sequence '\]',[B101:assert_used],[B605:start_process_with_a_shell],[B607:start_process_with_partial_path],0.0,10.0,0.0,0.0,0.0,0.0,0.0,10.0,,,2057
uTensor,E111 indentation is not a multiple of four,W291 trailing whitespace,E225 missing whitespace around operator,[B301:blacklist],[B403:blacklist],[B701:jinja2_autoescape_false],0.0,3.0,8.0,2.0,0.0,0.0,0.0,13.0,,2.92,1238
ottertune,E265 block comment should start with '# ',"E302 expected 2 blank lines, found 1",E226 missing whitespace around arithmetic operator,[B101:assert_used],[B311:blacklist],[B607:start_process_with_partial_path],0.0,144.0,8.0,1.0,0.0,0.0,6.0,147.0,18.425,6.74,14674
kur,E101 indentation contains mixed spaces and tabs,W191 indentation contains tabs,E117 over-indented,[B101:assert_used],[B403:blacklist],[B506:yaml_load],0.0,60.0,12.0,1.0,0.0,0.0,2.0,71.0,17.26086956521739,,17245
alon,"F405 'eq_' may be undefined, or defined from star imports: ., .fixtures","F405 'eq_' may be undefined, or defined from star imports: ..","F405 'eq_' may be undefined, or defined from star imports: .",[B410:blacklist],[B110:try_except_pass],[B101:assert_used],0.0,11.0,1.0,0.0,0.0,0.0,0.0,12.0,,-3.13,3045
modin,W503 line break before binary operator,E402 module level import not at top of file,E203 whitespace before ':',[B101:assert_used],[B603:subprocess_without_shell_equals_true],[B607:start_process_with_partial_path],0.0,503.0,26.0,1.0,0.0,9.0,6.0,515.0,18.366197183098592,,56014
wavene,"E231 missing whitespace after ','",F841 local variable 'fragment_length' is assigned to but never used,F841 local variable 'nb_filters' is assigned to but never used,[B101:assert_used],,,0.0,1.0,0.0,0.0,0.0,0.0,0.0,1.0,,-6.58,645
MAgen,E226 missing whitespace around arithmetic operator,E221 multiple spaces before operator,E241 multiple spaces after ':',[B311:blacklist],[B101:assert_used],[B307:blacklist],0.0,42.0,12.0,5.0,0.0,0.0,0.0,59.0,20.428571428571427,6.31,6755
chainercv,E121 continuation line under-indented for hanging indent,E251 unexpected spaces around keyword / parameter equals,W605 invalid escape sequence '\_',[B101:assert_used],[B311:blacklist],[B310:blacklist],0.0,172.0,13.0,0.0,0.0,0.0,0.0,185.0,17.390243902439025,,39455
GPflow,W503 line break before binary operator,E402 module level import not at top of file,"E231 missing whitespace after ','",[B101:assert_used],[B108:hardcoded_tmp_directory],[B403:blacklist],0.0,250.0,2.0,0.0,0.0,0.0,1.0,251.0,16.0,,17745
snake,E122 continuation line missing indentation or outdented,E127 continuation line over-indented for visual indent,E502 the backslash is redundant between brackets,[B101:assert_used],[B311:blacklist],,0.0,169.0,0.0,0.0,0.0,0.0,0.0,169.0,20.071428571428573,,2407
rankin,E111 indentation is not a multiple of four,E114 indentation is not a multiple of four (comment),W504 line break after binary operator,[B101:assert_used],[B108:hardcoded_tmp_directory],[B106:hardcoded_password_funcarg],0.0,13.0,2.0,0.0,0.0,0.0,3.0,12.0,,-1.51,21813
noreward-rl,E226 missing whitespace around arithmetic operator,"E302 expected 2 blank lines, found 1",E127 continuation line over-indented for visual indent,[B101:assert_used],[B605:start_process_with_a_shell],,0.0,4.0,0.0,1.0,0.0,0.0,0.0,5.0,,5.65,2792
homework,E226 missing whitespace around arithmetic operator,"E302 expected 2 blank lines, found 1",W291 trailing whitespace,[B101:assert_used],[B403:blacklist],[B108:hardcoded_tmp_directory],0.0,95.0,9.0,0.0,0.0,0.0,8.0,96.0,18.1,4.44,7684
extClassifier,E402 module level import not at top of file,"E231 missing whitespace after ','",W293 blank line contains whitespace,,,,,,,,,,,,,,
conceptnet5,W503 line break before binary operator,W291 trailing whitespace,E251 unexpected spaces around keyword / parameter equals,[B101:assert_used],[B603:subprocess_without_shell_equals_true],[B404:blacklist],0.0,154.0,3.0,2.0,0.0,0.0,3.0,156.0,16.678571428571427,,11291
deepvarian,E111 indentation is not a multiple of four,E114 indentation is not a multiple of four (comment),E125 continuation line with same indent as next logical line,[B108:hardcoded_tmp_directory],[B101:assert_used],[B404:blacklist],0.0,20.0,25.0,6.0,0.0,0.0,25.0,26.0,16.642857142857142,-3.01,41846
webdnn,F541 f-string is missing placeholders,W605 invalid escape sequence '\i',W605 invalid escape sequence '\s',[B101:assert_used],[B404:blacklist],[B607:start_process_with_partial_path],0.0,842.0,0.0,3.0,0.0,0.0,0.0,845.0,16.517241379310345,-2.09,39417
attention-is-all-you-need-pytorch,E226 missing whitespace around arithmetic operator,E265 block comment should start with '# ',W291 trailing whitespace,[B101:assert_used],[B403:blacklist],[B301:blacklist],0.0,13.0,4.0,0.0,0.0,0.0,0.0,17.0,,6.51,1282
lore,E111 indentation is not a multiple of four,E402 module level import not at top of file,E251 unexpected spaces around keyword / parameter equals,[B603:subprocess_without_shell_equals_true],[B608:hardcoded_sql_expressions],[B101:assert_used],0.0,64.0,19.0,2.0,0.0,4.0,14.0,67.0,13.588235294117647,,8582
pointne,"E231 missing whitespace after ','",E226 missing whitespace around arithmetic operator,W293 blank line contains whitespace,[B101:assert_used],[B605:start_process_with_a_shell],[B404:blacklist],0.0,14.0,0.0,7.0,0.0,0.0,0.0,21.0,,5.26,4119
DeblurGAN,W191 indentation contains tabs,E101 indentation contains mixed spaces and tabs,E226 missing whitespace around arithmetic operator,[B101:assert_used],[B311:blacklist],,0.0,14.0,0.0,0.0,0.0,0.0,0.0,14.0,,-0.32,1819
pytorch-semse,E121 continuation line under-indented for hanging indent,E251 unexpected spaces around keyword / parameter equals,E123 closing bracket does not match indentation of opening bracket's line,[B101:assert_used],[B311:blacklist],[B506:yaml_load],0.0,47.0,2.0,0.0,0.0,0.0,0.0,49.0,,5.62,10341
polyaxon,W504 line break after binary operator,E127 continuation line over-indented for visual indent,W503 line break before binary operator,[B101:assert_used],[B108:hardcoded_tmp_directory],[B105:hardcoded_password_string],0.0,6347.0,87.0,1.0,0.0,2.0,107.0,6326.0,17.61480075901328,4.21,167546
angen,E111 indentation is not a multiple of four,F821 undefined name 'd',E114 indentation is not a multiple of four (comment),[B101:assert_used],[B311:blacklist],[B102:exec_used],0.0,99.0,1.0,0.0,0.0,0.0,0.0,100.0,21.470588235294116,-7.19,7611
enerating-reviews-discovering-sentimen,E226 missing whitespace around arithmetic operator,E228 missing whitespace around modulo operator,E225 missing whitespace around operator,,,,,,,,,,,,,0.25,
nevergrad,W503 line break before binary operator,E203 whitespace before ':',"F405 'Powell' may be undefined, or defined from star imports: .differentialevolution, .es, .oneshot, .recastlib",[B101:assert_used],[B403:blacklist],[B301:blacklist],0.0,862.0,8.0,1.0,0.0,0.0,0.0,871.0,16.666666666666668,,22767
faster_rcnn_pytorch,"E231 missing whitespace after ','",E203 whitespace before ':',E226 missing whitespace around arithmetic operator,[B101:assert_used],[B506:yaml_load],,0.0,17.0,1.0,0.0,0.0,0.0,0.0,18.0,,2.15,7813
pytorch-beginner,E226 missing whitespace around arithmetic operator,F401 'torchvision' imported but unused,"E203 whitespace before ','",[B101:assert_used],[B311:blacklist],,0.0,4.0,0.0,0.0,0.0,0.0,0.0,4.0,,3.75,1509
finmarketpy,E128 continuation line under-indented for visual indent,E251 unexpected spaces around keyword / parameter equals,E266 too many leading '#' for block comment,[B110:try_except_pass],[B403:blacklist],[B301:blacklist],0.0,30.0,1.0,0.0,0.0,0.0,1.0,30.0,19.59090909090909,,7164
DeepLearningImplementations,"E231 missing whitespace after ','",E402 module level import not at top of file,E226 missing whitespace around arithmetic operator,[B101:assert_used],[B403:blacklist],[B301:blacklist],0.0,76.0,2.0,0.0,0.0,0.0,0.0,78.0,13.818181818181818,3.37,8665
orchdiffeq,"E731 do not assign a lambda expression, use a def",E402 module level import not at top of file,W293 blank line contains whitespace,[B101:assert_used],,,0.0,20.0,0.0,0.0,0.0,0.0,0.0,20.0,,4.19,3338
sacred,W503 line break before binary operator,E741 ambiguous variable name 'l',F841 local variable 'a' is assigned to but never used,[B101:assert_used],[B108:hardcoded_tmp_directory],[B603:subprocess_without_shell_equals_true],0.0,1141.0,20.0,0.0,0.0,0.0,13.0,1148.0,14.15,,14028
pytorch-a2c-ppo-acktr,W504 line break after binary operator,W293 blank line contains whitespace,"E731 do not assign a lambda expression, use a def",[B101:assert_used],[B108:hardcoded_tmp_directory],,0.0,8.0,1.0,0.0,0.0,0.0,1.0,8.0,,5.61,1582
adversarial,E251 unexpected spaces around keyword / parameter equals,E128 continuation line under-indented for visual indent,E402 module level import not at top of file,[B101:assert_used],,,0.0,58.0,0.0,0.0,0.0,0.0,0.0,58.0,17.4,2.87,3755
decaNLP,W291 trailing whitespace,E128 continuation line under-indented for visual indent,W293 blank line contains whitespace,[B101:assert_used],[B106:hardcoded_password_funcarg],[B404:blacklist],0.0,98.0,6.0,1.0,0.0,1.0,18.0,86.0,19.85185185185185,5.14,7035
plotnine,E226 missing whitespace around arithmetic operator,W503 line break before binary operator,W504 line break after binary operator,[B101:assert_used],[B404:blacklist],[B603:subprocess_without_shell_equals_true],0.0,541.0,2.0,0.0,0.0,0.0,0.0,543.0,14.1875,,26797
bert-as-service,W504 line break after binary operator,"E731 do not assign a lambda expression, use a def",E261 at least two spaces before inline comment,[B101:assert_used],[B107:hardcoded_password_default],[B102:exec_used],0.0,11.0,3.0,0.0,0.0,0.0,5.0,9.0,19.625,5.01,3256
coach,E252 missing whitespace around parameter equals,E402 module level import not at top of file,E226 missing whitespace around arithmetic operator,[B101:assert_used],[B403:blacklist],[B404:blacklist],0.0,620.0,12.0,6.0,0.0,0.0,2.0,636.0,17.941176470588236,1.73,30745
deepwalk,E111 indentation is not a multiple of four,E265 block comment should start with '# ',W293 blank line contains whitespace,[B101:assert_used],,,0.0,2.0,0.0,0.0,0.0,0.0,0.0,2.0,,,658
deepchem,E111 indentation is not a multiple of four,E114 indentation is not a multiple of four (comment),E402 module level import not at top of file,[B101:assert_used],[B603:subprocess_without_shell_equals_true],[B108:hardcoded_tmp_directory],0.0,1878.0,20.0,12.0,0.0,0.0,14.0,1896.0,15.809090909090909,,79385
hmmlearn,W503 line break before binary operator,W504 line break after binary operator,E402 module level import not at top of file,[B101:assert_used],,,0.0,73.0,0.0,0.0,0.0,0.0,0.0,73.0,,6.3,2495
DeepRL,"F405 'nn' may be undefined, or defined from star imports: .network_bodies, .network_utils","F405 'tensor' may be undefined, or defined from star imports: ..component, ..network, .BaseAgent","F405 'layer_init' may be undefined, or defined from star imports: .network_bodies, .network_utils",[B101:assert_used],[B301:blacklist],[B403:blacklist],0.0,3.0,1.0,0.0,0.0,0.0,0.0,4.0,,-3.16,3024
pants,W503 line break before binary operator,E203 whitespace before ':',"E731 do not assign a lambda expression, use a def",[B101:assert_used],[B603:subprocess_without_shell_equals_true],[B607:start_process_with_partial_path],0.0,2393.0,15.0,0.0,0.0,1.0,7.0,2400.0,16.3875,3.56,63097
sklearn-pandas,"E302 expected 2 blank lines, found 1",E124 closing bracket does not match visual indentation,W291 trailing whitespace,[B101:assert_used],[B403:blacklist],[B301:blacklist],0.0,86.0,1.0,0.0,0.0,0.0,0.0,87.0,,5.25,1541
MatchZoo,E402 module level import not at top of file,F401 '.load_data.load_data' imported but unused,E128 continuation line under-indented for visual indent,[B101:assert_used],[B403:blacklist],[B301:blacklist],0.0,119.0,7.0,0.0,0.0,0.0,0.0,126.0,,,9866
ssd.pytorch,E226 missing whitespace around arithmetic operator,W504 line break after binary operator,"E231 missing whitespace after ','",[B101:assert_used],[B405:blacklist],[B314:blacklist],0.0,14.0,4.0,0.0,0.0,0.0,0.0,18.0,,,1957
luon-nlp,W291 trailing whitespace,E121 continuation line under-indented for hanging indent,E127 continuation line over-indented for visual indent,[B101:assert_used],[B311:blacklist],[B106:hardcoded_password_funcarg],0.0,551.0,8.0,0.0,0.0,0.0,35.0,524.0,19.377777777777776,6.17,41727
roboschool,E201 whitespace after '[',E122 continuation line missing indentation or outdented,W191 indentation contains tabs,[B101:assert_used],[B102:exec_used],[B404:blacklist],0.0,77.0,11.0,0.0,0.0,0.0,3.0,85.0,,,6423
radient-checkpointin,E111 indentation is not a multiple of four,E114 indentation is not a multiple of four (comment),"E231 missing whitespace after ','",[B101:assert_used],[B108:hardcoded_tmp_directory],[B310:blacklist],0.0,105.0,8.0,0.0,0.0,0.0,4.0,109.0,,-2.2,4223
3DDFA,E402 module level import not at top of file,W291 trailing whitespace,"E731 do not assign a lambda expression, use a def",[B101:assert_used],[B403:blacklist],[B605:start_process_with_a_shell],0.0,4.0,1.0,1.0,0.0,0.0,0.0,6.0,,4.94,2290
exercises-in-programming-style,"E302 expected 2 blank lines, found 1",W291 trailing whitespace,E203 whitespace before ':',[B101:assert_used],[B311:blacklist],[B102:exec_used],0.0,38.0,3.0,1.0,0.0,0.0,0.0,42.0,,3.35,3590
PerfKitBenchmarker,E111 indentation is not a multiple of four,E114 indentation is not a multiple of four (comment),W504 line break after binary operator,[B101:assert_used],[B108:hardcoded_tmp_directory],[B404:blacklist],0.0,231.0,55.0,11.0,0.0,1.0,42.0,254.0,17.087912087912088,,97738
deep-neuroevolution,E226 missing whitespace around arithmetic operator,"E302 expected 2 blank lines, found 1","F405 'np' may be undefined, or defined from star imports: .es",[B101:assert_used],[B301:blacklist],[B403:blacklist],0.0,139.0,10.0,2.0,0.0,0.0,3.0,148.0,25.22222222222222,3.53,6731
awd-lstm-lm,E111 indentation is not a multiple of four,E701 multiple statements on one line (colon),E265 block comment should start with '# ',[B101:assert_used],[B303:blacklist],,0.0,6.0,1.0,0.0,0.0,0.0,0.0,7.0,,5.62,956
Synonyms,E128 continuation line under-indented for visual indent,E127 continuation line over-indented for visual indent,E402 module level import not at top of file,[B301:blacklist],[B101:assert_used],[B403:blacklist],0.0,16.0,9.0,0.0,0.0,0.0,0.0,25.0,12.76923076923077,,193678
DeepRecommender,E111 indentation is not a multiple of four,"E302 expected 2 blank lines, found 1",E114 indentation is not a multiple of four (comment),[B311:blacklist],,,0.0,2.0,0.0,0.0,0.0,0.0,0.0,2.0,,-2.14,983
yolo2-pytorch,E226 missing whitespace around arithmetic operator,"F405 'np' may be undefined, or defined from star imports: .config_voc, .exps.darknet19_exp1",E241 multiple spaces after ':',[B101:assert_used],[B403:blacklist],[B405:blacklist],0.0,16.0,5.0,0.0,0.0,0.0,0.0,21.0,,4.23,2423
OpenNRE,W291 trailing whitespace,E261 at least two spaces before inline comment,E128 continuation line under-indented for visual indent,[B605:start_process_with_a_shell],[B110:try_except_pass],[B101:assert_used],0.0,11.0,2.0,21.0,0.0,0.0,3.0,31.0,13.666666666666666,,2614
blocks,W504 line break after binary operator,E226 missing whitespace around arithmetic operator,"E241 multiple spaces after ','",[B101:assert_used],[B403:blacklist],[B608:hardcoded_sql_expressions],0.0,458.0,8.0,0.0,0.0,0.0,5.0,461.0,15.458333333333334,,16219
keras-vis,F401 'keras.backend as K' imported but unused,F401 'keras.models.Model' imported but unused,F401 'keras.models.Input' imported but unused,[B101:assert_used],,,0.0,33.0,0.0,0.0,0.0,0.0,0.0,33.0,,3.39,1730
ex,W504 line break after binary operator,W503 line break before binary operator,E402 module level import not at top of file,[B101:assert_used],[B106:hardcoded_password_funcarg],[B107:hardcoded_password_default],0.0,458.0,8.0,0.0,0.0,0.0,60.0,406.0,18.414634146341463,6.15,15550
sequence_taggin,E128 continuation line under-indented for visual indent,E221 multiple spaces before operator,E303 too many blank lines (2),,,,,,,,,,,,,7.69,
dgl,"E302 expected 2 blank lines, found 1","E231 missing whitespace after ','",E226 missing whitespace around arithmetic operator,[B101:assert_used],[B108:hardcoded_tmp_directory],[B403:blacklist],0.0,3356.0,79.0,11.0,0.0,0.0,37.0,3409.0,18.694533762057876,4.09,133504
semantic-segmentation-pytorch,E226 missing whitespace around arithmetic operator,E261 at least two spaces before inline comment,W291 trailing whitespace,[B101:assert_used],[B310:blacklist],,0.0,38.0,1.0,0.0,0.0,0.0,0.0,39.0,,6.35,3587
ext-classification-cnn-rnn,"E302 expected 2 blank lines, found 1",E261 at least two spaces before inline comment,W293 blank line contains whitespace,[B110:try_except_pass],,,0.0,1.0,0.0,0.0,0.0,0.0,0.0,1.0,,7.44,572
AlphaZero_Gomoku,E126 continuation line over-indented for hanging indent,E226 missing whitespace around arithmetic operator,W504 line break after binary operator,[B301:blacklist],[B403:blacklist],[B101:assert_used],0.0,5.0,5.0,0.0,0.0,0.0,0.0,10.0,,6.35,1233
BerryNe,E251 unexpected spaces around keyword / parameter equals,E265 block comment should start with '# ',E226 missing whitespace around arithmetic operator,[B108:hardcoded_tmp_directory],[B602:subprocess_popen_with_shell_equals_true],[B307:blacklist],0.0,20.0,43.0,8.0,0.0,0.0,31.0,40.0,,4.27,6776
osmnx,E402 module level import not at top of file,E203 whitespace before ':',F401 '.bearing.add_edge_bearings' imported but unused,[B101:assert_used],[B303:blacklist],[B105:hardcoded_password_string],0.0,27.0,5.0,0.0,0.0,1.0,2.0,29.0,14.789473684210526,,7217
flair,W503 line break before binary operator,E701 multiple statements on one line (colon),E126 continuation line over-indented for hanging indent,[B101:assert_used],[B106:hardcoded_password_funcarg],[B320:blacklist],0.0,548.0,14.0,0.0,0.0,0.0,17.0,545.0,18.144329896907216,,25981
mproved-gan,"E231 missing whitespace after ','",E226 missing whitespace around arithmetic operator,E111 indentation is not a multiple of four,[B101:assert_used],[B310:blacklist],[B403:blacklist],0.0,15.0,7.0,0.0,0.0,0.0,1.0,21.0,18.0,2.54,3110
NeuroNER,W291 trailing whitespace,E128 continuation line under-indented for visual indent,W293 blank line contains whitespace,[B101:assert_used],[B105:hardcoded_password_string],[B403:blacklist],0.0,28.0,6.0,2.0,0.0,0.0,8.0,28.0,18.833333333333332,,2890
acotron,E111 indentation is not a multiple of four,E114 indentation is not a multiple of four (comment),E121 continuation line under-indented for hanging indent,[B101:assert_used],[B311:blacklist],[B607:start_process_with_partial_path],0.0,88.0,2.0,0.0,0.0,0.0,1.0,89.0,,-2.02,1393
lightnin,E265 block comment should start with '# ',E402 module level import not at top of file,E128 continuation line under-indented for visual indent,[B101:assert_used],[B403:blacklist],[B301:blacklist],0.0,24.0,9.0,0.0,0.0,0.0,0.0,33.0,14.692307692307692,2.94,6654
sru,E226 missing whitespace around arithmetic operator,"E302 expected 2 blank lines, found 1",E251 unexpected spaces around keyword / parameter equals,[B101:assert_used],[B311:blacklist],[B307:blacklist],0.0,31.0,1.0,0.0,0.0,0.0,1.0,31.0,15.68421052631579,,3668
yellowbrick,E266 too many leading '#' for block comment,"F405 'ParallelCoordinates' may be undefined, or defined from star imports: yellowbrick.features.pcoords",E402 module level import not at top of file,[B101:assert_used],[B102:exec_used],[B310:blacklist],0.0,1019.0,2.0,0.0,0.0,0.0,0.0,1021.0,15.130434782608695,,33632
scikit-optimize,E402 module level import not at top of file,E226 missing whitespace around arithmetic operator,"E241 multiple spaces after ','",[B101:assert_used],[B310:blacklist],[B404:blacklist],0.0,336.0,4.0,0.0,0.0,0.0,0.0,340.0,15.742857142857142,6.1,12916
ensorflow_template_application,E111 indentation is not a multiple of four,E114 indentation is not a multiple of four (comment),E121 continuation line under-indented for hanging indent,[B101:assert_used],[B105:hardcoded_password_string],[B104:hardcoded_bind_all_interfaces],0.0,8.0,1.0,0.0,0.0,0.0,2.0,7.0,,-2.58,3236
robosa,"E302 expected 2 blank lines, found 1",E251 unexpected spaces around keyword / parameter equals,E203 whitespace before ':',[B101:assert_used],[B311:blacklist],,0.0,47.0,0.0,0.0,0.0,0.0,0.0,47.0,,5.02,2358
albumentations,E203 whitespace before ':',F403 'from .transforms import *' used; unable to detect undefined names,F401 '.transforms.*' imported but unused,[B101:assert_used],[B311:blacklist],,0.0,510.0,0.0,0.0,0.0,0.0,0.0,510.0,13.23076923076923,,11963
cartoonify,E111 indentation is not a multiple of four,E121 continuation line under-indented for hanging indent,E251 unexpected spaces around keyword / parameter equals,[B101:assert_used],[B310:blacklist],[B410:blacklist],0.0,18.0,7.0,0.0,0.0,0.0,1.0,24.0,16.636363636363637,-2.84,42682
ENAS-pytorch,E226 missing whitespace around arithmetic operator,"E302 expected 2 blank lines, found 1",E261 at least two spaces before inline comment,[B101:assert_used],,,0.0,7.0,0.0,0.0,0.0,0.0,0.0,7.0,,6.19,1502
oogle-research,E111 indentation is not a multiple of four,E114 indentation is not a multiple of four (comment),E251 unexpected spaces around keyword / parameter equals,,,,,,,,,,,,17.261105092091007,-2.88,
spark-deep-learnin,E265 block comment should start with '# ',E128 continuation line under-indented for visual indent,E502 the backslash is redundant between brackets,,,,,,,,,,,,,3.62,
coremltools,E111 indentation is not a multiple of four,E121 continuation line under-indented for hanging indent,"F405 'np' may be undefined, or defined from star imports: coremltools.converters.mil.testing_reqs",[B101:assert_used],[B311:blacklist],[B108:hardcoded_tmp_directory],0.0,1639.0,45.0,3.0,0.0,0.0,22.0,1665.0,17.96060606060606,,151381
scikit-plo,F841 local variable 'ax' is assigned to but never used,E226 missing whitespace around arithmetic operator,W191 indentation contains tabs,[B101:assert_used],,,0.0,69.0,0.0,0.0,0.0,0.0,0.0,69.0,13.181818181818182,5.33,4569
end-to-end-negotiator,E128 continuation line under-indented for visual indent,E265 block comment should start with '# ',E261 at least two spaces before inline comment,[B101:assert_used],[B106:hardcoded_password_funcarg],[B311:blacklist],0.0,47.0,0.0,0.0,0.0,0.0,8.0,39.0,,4.81,5880
PyTorch-NLP,E741 ambiguous variable name 'l',W504 line break after binary operator,E402 module level import not at top of file,[B101:assert_used],[B311:blacklist],[B403:blacklist],0.0,364.0,9.0,0.0,0.0,0.0,7.0,366.0,14.833333333333334,6.53,6299
PocketFlow,E111 indentation is not a multiple of four,E114 indentation is not a multiple of four (comment),"E302 expected 2 blank lines, found 1",[B101:assert_used],[B404:blacklist],[B603:subprocess_without_shell_equals_true],0.0,83.0,3.0,1.0,0.0,0.0,0.0,87.0,16.28,-0.12,16500
hyperas,"E231 missing whitespace after ','","E302 expected 2 blank lines, found 1","E305 expected 2 blank lines after class or function definition, found 1",[B101:assert_used],[B311:blacklist],,0.0,37.0,0.0,0.0,0.0,0.0,0.0,37.0,,,1602
QUANTAXIS,"E231 missing whitespace after ','",E265 block comment should start with '# ',W291 trailing whitespace,[B110:try_except_pass],[B101:assert_used],[B307:blacklist],0.0,136.0,34.0,3.0,0.0,2.0,14.0,157.0,18.788235294117648,,61934
spotligh,E265 block comment should start with '# ',W504 line break after binary operator,E122 continuation line missing indentation or outdented,[B101:assert_used],[B303:blacklist],[B403:blacklist],0.0,52.0,3.0,0.0,0.0,0.0,0.0,55.0,,7.05,4138
YOLO_tensorflow,"E231 missing whitespace after ','",W191 indentation contains tabs,E226 missing whitespace around arithmetic operator,,,,,,,,,,,,,,
skorch,W504 line break after binary operator,"E302 expected 2 blank lines, found 1",E226 missing whitespace around arithmetic operator,[B101:assert_used],[B301:blacklist],[B403:blacklist],0.0,905.0,8.0,0.0,0.0,0.0,0.0,913.0,13.272727272727273,,15793
nlp-architec,W503 line break before binary operator,E203 whitespace before ':',E261 at least two spaces before inline comment,[B101:assert_used],[B403:blacklist],[B301:blacklist],0.0,190.0,22.0,2.0,0.0,0.0,2.0,212.0,15.333333333333334,8.18,35149
luon-cv,"E231 missing whitespace after ','","E302 expected 2 blank lines, found 1",E226 missing whitespace around arithmetic operator,[B101:assert_used],[B311:blacklist],[B605:start_process_with_a_shell],0.0,574.0,24.0,18.0,0.0,0.0,2.0,614.0,16.924418604651162,5.09,85783
orange3,E226 missing whitespace around arithmetic operator,W504 line break after binary operator,"E241 multiple spaces after ','",[B101:assert_used],[B301:blacklist],[B403:blacklist],0.0,537.0,54.0,0.0,0.0,7.0,9.0,575.0,15.538116591928251,7.7,143009
ransformer,W293 blank line contains whitespace,W291 trailing whitespace,E261 at least two spaces before inline comment,[B101:assert_used],[B605:start_process_with_a_shell],[B307:blacklist],0.0,4.0,1.0,2.0,0.0,0.0,0.0,7.0,,0.55,1417
Horizon,W503 line break before binary operator,E203 whitespace before ':',E402 module level import not at top of file,[B101:assert_used],[B311:blacklist],[B301:blacklist],0.0,655.0,17.0,0.0,0.0,2.0,1.0,669.0,15.61111111111111,6.32,39127
srgan,E116 unexpected indentation (comment),E266 too many leading '#' for block comment,"E302 expected 2 blank lines, found 1",,,,,,,,,,,,,1.64,
MUNIT,E127 continuation line over-indented for visual indent,"E302 expected 2 blank lines, found 1",E261 at least two spaces before inline comment,[B101:assert_used],[B506:yaml_load],[B605:start_process_with_a_shell],0.0,10.0,1.0,1.0,0.0,0.0,0.0,12.0,,5.4,1442
alpha-zero-general,"E231 missing whitespace after ','","E241 multiple spaces after ','",E226 missing whitespace around arithmetic operator,[B101:assert_used],[B104:hardcoded_bind_all_interfaces],[B403:blacklist],0.0,25.0,3.0,0.0,0.0,0.0,2.0,26.0,25.75,2.2,6575
magnitude,E225 missing whitespace around operator,E251 unexpected spaces around keyword / parameter equals,E226 missing whitespace around arithmetic operator,[B101:assert_used],[B608:hardcoded_sql_expressions],[B605:start_process_with_a_shell],0.0,2049.0,121.0,9.0,0.0,39.0,53.0,2087.0,17.70731707317073,4.48,70866
ensorrec,E402 module level import not at top of file,E226 missing whitespace around arithmetic operator,W503 line break before binary operator,[B311:blacklist],[B108:hardcoded_tmp_directory],[B403:blacklist],0.0,9.0,5.0,0.0,0.0,0.0,4.0,10.0,,6.42,3157
ext-analytics-with-python,E122 continuation line missing indentation or outdented,W291 trailing whitespace,W293 blank line contains whitespace,,,,0.0,0.0,0.0,0.0,0.0,0.0,0.0,0.0,12.5,0.25,4994
scikit-feature,E226 missing whitespace around arithmetic operator,W292 no newline at end of file,"E305 expected 2 blank lines after class or function definition, found 1",[B101:assert_used],,,0.0,8.0,0.0,0.0,0.0,0.0,0.0,8.0,16.2,0.76,3716
fastFM,E265 block comment should start with '# ',E122 continuation line missing indentation or outdented,"E231 missing whitespace after ','",[B101:assert_used],,,0.0,39.0,0.0,0.0,0.0,0.0,0.0,39.0,,,1608
apex,W191 indentation contains tabs,E226 missing whitespace around arithmetic operator,"E231 missing whitespace after ','",[B101:assert_used],[B307:blacklist],[B608:hardcoded_sql_expressions],0.0,343.0,46.0,0.0,0.0,9.0,0.0,380.0,22.271604938271604,,20757
pix2pix-tensorflow,E226 missing whitespace around arithmetic operator,E128 continuation line under-indented for visual indent,"F405 'conv2d' may be undefined, or defined from star imports: ops, utils",[B101:assert_used],,,0.0,1.0,0.0,0.0,0.0,0.0,0.0,1.0,,0.69,495
uis-rnn,E111 indentation is not a multiple of four,E114 indentation is not a multiple of four (comment),W504 line break after binary operator,[B306:blacklist],[B101:assert_used],[B311:blacklist],0.0,2.0,2.0,0.0,0.0,0.0,0.0,4.0,,-0.57,1745
OpenNE,E226 missing whitespace around arithmetic operator,E741 ambiguous variable name 'l',"F405 'tf' may be undefined, or defined from star imports: .layers, .metrics",[B101:assert_used],[B311:blacklist],[B403:blacklist],0.0,13.0,2.0,0.0,0.0,0.0,0.0,15.0,,5.62,2079
minigo,E402 module level import not at top of file,E226 missing whitespace around arithmetic operator,"E302 expected 2 blank lines, found 1",[B101:assert_used],[B404:blacklist],[B603:subprocess_without_shell_equals_true],0.0,149.0,8.0,0.0,0.0,1.0,2.0,154.0,14.444444444444445,5.43,11972
extacy,W503 line break before binary operator,E203 whitespace before ':',"E231 missing whitespace after ','",[B101:assert_used],[B311:blacklist],[B110:try_except_pass],0.0,786.0,3.0,0.0,0.0,0.0,1.0,788.0,16.98076923076923,6.08,18624
Super-SloMo,W293 blank line contains whitespace,E221 multiple spaces before operator,E303 too many blank lines (2),[B311:blacklist],[B605:start_process_with_a_shell],,0.0,6.0,0.0,3.0,0.0,0.0,0.0,9.0,,1.25,1249
UnsupervisedMT,W504 line break after binary operator,W605 invalid escape sequence '\d',E741 ambiguous variable name 'l',[B101:assert_used],[B602:subprocess_popen_with_shell_equals_true],[B404:blacklist],0.0,424.0,0.0,6.0,0.0,0.0,0.0,430.0,22.952380952380953,7.42,5224
neuralcoref,W503 line break before binary operator,E266 too many leading '#' for block comment,E203 whitespace before ':',[B101:assert_used],[B603:subprocess_without_shell_equals_true],[B404:blacklist],0.0,51.0,3.0,0.0,0.0,0.0,2.0,52.0,20.47826086956522,,4161
proSR,"E231 missing whitespace after ','",E266 too many leading '#' for block comment,E128 continuation line under-indented for visual indent,[B101:assert_used],[B311:blacklist],[B506:yaml_load],0.0,18.0,1.0,0.0,0.0,0.0,0.0,19.0,,4.44,2065
scalable_agen,E111 indentation is not a multiple of four,E114 indentation is not a multiple of four (comment),E125 continuation line with same indent as next logical line,[B108:hardcoded_tmp_directory],[B110:try_except_pass],,0.0,1.0,2.0,0.0,0.0,0.0,2.0,1.0,,-2.01,1947
magepy,W191 indentation contains tabs,"E231 missing whitespace after ','",E226 missing whitespace around arithmetic operator,[B307:blacklist],[B310:blacklist],[B311:blacklist],0.0,7.0,15.0,1.0,0.0,0.0,0.0,23.0,17.617283950617285,1.11,21302
PointCNN,"E231 missing whitespace after ','",E111 indentation is not a multiple of four,E226 missing whitespace around arithmetic operator,[B311:blacklist],[B101:assert_used],[B301:blacklist],0.0,25.0,5.0,0.0,0.0,0.0,0.0,30.0,19.91304347826087,,5421
ensorboard_logger,E121 continuation line under-indented for hanging indent,E251 unexpected spaces around keyword / parameter equals,E402 module level import not at top of file,[B101:assert_used],[B310:blacklist],[B506:yaml_load],0.0,16.0,2.0,0.0,0.0,0.0,0.0,18.0,,5.94,1288
alos,E402 module level import not at top of file,E226 missing whitespace around arithmetic operator,E127 continuation line over-indented for visual indent,[B311:blacklist],[B307:blacklist],,0.0,2.0,1.0,0.0,0.0,0.0,0.0,3.0,,2.43,3238
rwa,W191 indentation contains tabs,E226 missing whitespace around arithmetic operator,"E231 missing whitespace after ','",[B101:assert_used],[B310:blacklist],,0.0,6.0,2.0,0.0,0.0,0.0,0.0,8.0,,0.1,2959
nn4nlp-code,E111 indentation is not a multiple of four,E226 missing whitespace around arithmetic operator,W191 indentation contains tabs,[B101:assert_used],[B608:hardcoded_sql_expressions],[B405:blacklist],0.0,31.0,17.0,1.0,0.0,0.0,14.0,35.0,16.93877551020408,5.01,10810
causality,"E231 missing whitespace after ','",E203 whitespace before ':',E128 continuation line under-indented for visual indent,[B101:assert_used],,,0.0,38.0,0.0,0.0,0.0,0.0,0.0,38.0,,,1458
pu,E111 indentation is not a multiple of four,E114 indentation is not a multiple of four (comment),W504 line break after binary operator,[B101:assert_used],[B108:hardcoded_tmp_directory],[B310:blacklist],0.0,156.0,25.0,0.0,0.0,0.0,18.0,163.0,15.944444444444445,-2.49,62197
dlwin,"E302 expected 2 blank lines, found 1",E226 missing whitespace around arithmetic operator,E261 at least two spaces before inline comment,[B101:assert_used],,,0.0,1.0,0.0,0.0,0.0,0.0,0.0,1.0,,4.56,475
deep-q-learnin,"E302 expected 2 blank lines, found 1","E231 missing whitespace after ','",W292 no newline at end of file,[B311:blacklist],,,0.0,3.0,0.0,0.0,0.0,0.0,0.0,3.0,,3.46,247
pyhanlp,"F405 'JClass' may be undefined, or defined from star imports: pyhanlp",F403 'from pyhanlp import *' used; unable to detect undefined names,"F405 'HanLP' may be undefined, or defined from star imports: pyhanlp",[B101:assert_used],[B605:start_process_with_a_shell],[B607:start_process_with_partial_path],0.0,19.0,2.0,2.0,0.0,0.0,0.0,23.0,,,4082
nematus,E226 missing whitespace around arithmetic operator,E128 continuation line under-indented for visual indent,"E302 expected 2 blank lines, found 1",[B101:assert_used],[B404:blacklist],[B603:subprocess_without_shell_equals_true],0.0,100.0,3.0,2.0,0.0,0.0,1.0,104.0,19.555555555555557,,8851
nilearn,E402 module level import not at top of file,W504 line break after binary operator,W503 line break before binary operator,[B101:assert_used],[B306:blacklist],[B110:try_except_pass],0.0,2004.0,38.0,0.0,0.0,0.0,5.0,2037.0,17.265432098765434,,59820
OpenNMT-tf,W503 line break before binary operator,"E731 do not assign a lambda expression, use a def",E402 module level import not at top of file,[B105:hardcoded_password_string],[B107:hardcoded_password_default],[B106:hardcoded_password_funcarg],0.0,11.0,1.0,0.0,0.0,0.0,9.0,3.0,14.476190476190476,7.85,18148
simhash,E251 unexpected spaces around keyword / parameter equals,E123 closing bracket does not match indentation of opening bracket's line,F821 undefined name 'xrange',[B101:assert_used],[B303:blacklist],,0.0,4.0,2.0,0.0,0.0,0.0,0.0,6.0,,,335
DeepLabCu,W503 line break before binary operator,E111 indentation is not a multiple of four,E402 module level import not at top of file,[B101:assert_used],[B404:blacklist],[B403:blacklist],0.0,131.0,15.0,7.0,0.0,0.0,0.0,153.0,19.759493670886076,5.75,33619
12306,W191 indentation contains tabs,W292 no newline at end of file,"F632 use ==/!= to compare constant literals (str, bytes, int, float, tuple)",[B311:blacklist],[B605:start_process_with_a_shell],[B105:hardcoded_password_string],0.0,30.0,3.0,2.0,0.0,0.0,5.0,30.0,17.3,1.93,3844
sklearn-porter,E241 multiple spaces after ':',E402 module level import not at top of file,W504 line break after binary operator,[B303:blacklist],[B404:blacklist],[B604:any_other_function_with_shell_equals_true],0.0,7.0,12.0,0.0,0.0,3.0,0.0,16.0,13.555555555555555,2.24,6415
ner-lstm,E265 block comment should start with '# ',E261 at least two spaces before inline comment,E128 continuation line under-indented for visual indent,[B301:blacklist],[B101:assert_used],[B403:blacklist],0.0,19.0,9.0,2.0,0.0,0.0,0.0,30.0,,6.55,799
compare_gan,E111 indentation is not a multiple of four,E114 indentation is not a multiple of four (comment),E226 missing whitespace around arithmetic operator,[B101:assert_used],,,0.0,44.0,0.0,0.0,0.0,0.0,0.0,44.0,13.23076923076923,,8896
models,E265 block comment should start with '# ',"E241 multiple spaces after ','",E226 missing whitespace around arithmetic operator,[B101:assert_used],[B311:blacklist],[B403:blacklist],0.0,734.0,76.0,7.0,0.0,0.0,9.0,808.0,17.013698630136986,4.5,102726
metric-learn,E111 indentation is not a multiple of four,E114 indentation is not a multiple of four (comment),W504 line break after binary operator,[B101:assert_used],[B102:exec_used],[B110:try_except_pass],0.0,195.0,1.0,0.0,0.0,0.0,0.0,196.0,13.666666666666666,-3.06,8296
mmcv,W504 line break after binary operator,W503 line break before binary operator,E126 continuation line over-indented for hanging indent,[B101:assert_used],[B404:blacklist],[B403:blacklist],0.0,1822.0,11.0,3.0,0.0,0.0,0.0,1836.0,17.931818181818183,,27231
cltk,W503 line break before binary operator,"F405 'Voiced' may be undefined, or defined from star imports: cltk.phonology.orthophonology","F405 'Place' may be undefined, or defined from star imports: cltk.phonology.orthophonology",[B101:assert_used],[B602:subprocess_popen_with_shell_equals_true],[B403:blacklist],0.0,71.0,4.0,4.0,0.0,0.0,1.0,78.0,17.62,,80547
olismero,"E231 missing whitespace after ','",E122 continuation line missing indentation or outdented,E261 at least two spaces before inline comment,[B101:assert_used],[B608:hardcoded_sql_expressions],[B308:blacklist],0.0,372.0,241.0,12.0,0.0,50.0,46.0,529.0,19.850446428571427,,269636
DenseNe,E402 module level import not at top of file,E261 at least two spaces before inline comment,E225 missing whitespace around operator,[B101:assert_used],,,0.0,8.0,0.0,0.0,0.0,0.0,0.0,8.0,,2.3,1231
Texygen,W504 line break after binary operator,"F405 'generate_samples' may be undefined, or defined from star imports: utils.utils","F405 'tf' may be undefined, or defined from star imports: utils.utils",[B311:blacklist],[B101:assert_used],,0.0,5.0,0.0,0.0,0.0,0.0,0.0,5.0,,5.37,6994
cs230-code-examples,E226 missing whitespace around arithmetic operator,W293 blank line contains whitespace,E128 continuation line under-indented for visual indent,[B101:assert_used],[B404:blacklist],[B602:subprocess_popen_with_shell_equals_true],0.0,38.0,0.0,4.0,0.0,0.0,0.0,42.0,,1.27,2498
yolov3,"F405 'torch' may be undefined, or defined from star imports: models.common",E402 module level import not at top of file,"F405 'nn' may be undefined, or defined from star imports: models.common",[B101:assert_used],[B311:blacklist],[B605:start_process_with_a_shell],0.0,71.0,9.0,13.0,0.0,0.0,0.0,93.0,25.055555555555557,3.29,3606
pytorch-a3c,,,,,,,,,,,,,,,,5.48,
plearn,E265 block comment should start with '# ',W504 line break after binary operator,E122 continuation line missing indentation or outdented,[B101:assert_used],[B403:blacklist],[B301:blacklist],0.0,45.0,3.0,0.0,0.0,0.0,0.0,48.0,,7.97,3635
multiagent-competition,E226 missing whitespace around arithmetic operator,"E302 expected 2 blank lines, found 1",E126 continuation line over-indented for hanging indent,[B101:assert_used],[B314:blacklist],[B405:blacklist],0.0,20.0,5.0,0.0,0.0,0.0,1.0,24.0,18.333333333333332,5.64,1823
PyTorch-Encodin,"E231 missing whitespace after ','",E266 too many leading '#' for block comment,"E302 expected 2 blank lines, found 1",[B101:assert_used],[B311:blacklist],[B605:start_process_with_a_shell],0.0,117.0,1.0,3.0,0.0,0.0,0.0,121.0,15.5,3.13,8052
rude-carnie,W293 blank line contains whitespace,"E302 expected 2 blank lines, found 1",E111 indentation is not a multiple of four,[B101:assert_used],[B108:hardcoded_tmp_directory],,0.0,8.0,1.0,0.0,0.0,0.0,1.0,8.0,,2.89,1621
